"Project ID","Title","Thumb Name","Video URL"
"virtcamp360_OFF","Title Screen","virtcamp360_snapshot1.png",""
"virtcamp360","Conference Search","virtcamp360_snapshot2.png",""
"virtcamp360_OFF","Conference Preview","virtcamp360_snapshot3.png",""
"virtcamp360","Automotive Conference Example","virtcamp360_snapshot4.png",""
"virtcamp360","Educational Conference From Above","virtcamp360_snapshot5.png",""
"virtcamp360","Educational Conference Brain Exhibit","virtcamp360_snapshot6.png",""
"virtcamp360","Automotive Conference Video Gallery","virtcamp360_snapshot7.png",""
"virtcamp360","Conference Chat Room","virtcamp360_snapshot8.png",""
"virtcamp360","Educational Conference With VR Users","virtcamp360_snapshot9.png",""
"mars","Multi-User Augmented Reality System","mars_snapshot1.png","https://vimeo.com/350332658"
"mars","Controlling a rover with AR","mars_snapshot2.png",""
"mars","Application setup with 4 iPads and a spectator screen","mars_snapshot3.jpg",""
"mars","Spectator view of the game board","mars_snapshot4.png",""
"mars","Users at ISTE conference playing M.A.R.S.","mars_snapshot5.jpg",""
"roomies","Roomies title screen","roomies_snapshot1.png",""
"roomies","Four players on a simple game board","roomies_snapshot2.png",""
"roomies","Eight players on the original game board","roomies_snapshot3.png",""
"roomies","A complex game board","roomies_snapshot4.png",""
"roomies","Varied game board","roomies_snapshot5.png",""
"roomies","Unique game board","roomies_snapshot6.png",""
"cadillac_vr","Cadillac Virtual Showroom Overview","cadillac_vr_snapshot1.png","https://vimeo.com/228712004"
"cadillac_vr","Virtual Demo","cadillac_vr_snapshot2.png","https://vimeo.com/233680762"
"cadillac_vr","Fully customizable vehicle interior","cadillac_vr_snapshot3.png",""
"cadillac_vr","Simple and unobtrusive VR interface","cadillac_vr_snapshot4.png",""
"cadillac_vr","Activating of rear trunk animation","cadillac_vr_snapshot5.png",""
"amg_powerwall","Concept to Creation","amg_powerwall_snapshot1.png","https://vimeo.com/164468836"
"amg_powerwall","Vehicle Select Screen","amg_powerwall_snapshot2.png",""
"amg_powerwall","Vehicle Explode State","amg_powerwall_snapshot3.png",""
"amg_powerwall","Zoomed In Engine Component","amg_powerwall_snapshot4.png",""
"amg_powerwall","Zoomed Engine in Explode State","amg_powerwall_snapshot5.png",""
"tru_store","Wishing Well & Wands","tru_store_snapshot1.png",""
"tru_store","Wands powered by custom android devices","tru_store_snapshot2.png",""
"tru_store","Magic Mirror","tru_store_snapshot3.png",""
"tru_store","Magic Story Booth","tru_store_snapshot4.png",""
"abk_games","","abk_games_snapshot1.jpg",""
"mb_vehiclemanager15","","mb_vehiclemanager15_snapshot1.png",""
"mb_vehiclemanager15","","mb_vehiclemanager15_snapshot2.png",""
"mb_vehiclemanager15","","mb_vehiclemanager15_snapshot3.png",""
"mb_vehiclemanager15","","mb_vehiclemanager15_snapshot4.png",""
"mb_vehiclemanager15","","mb_vehiclemanager15_snapshot5.png",""
"mb_vehiclemanager15","","mb_vehiclemanager15_snapshot6.png",""
"mb_vehiclemanager15","","mb_vehiclemanager15_snapshot7.png",""
"mb_vehiclemanager15","","mb_vehiclemanager15_snapshot8.png",""
"mb_accessories","","mb_accessories_snapshot1.png",""
"mb_accessories","","mb_accessories_snapshot2.png",""
"mb_accessories","","mb_accessories_snapshot3.png",""
"smart_car_14","","smart_car_14_snapshot1.png",""
"smart_car_14","","smart_car_14_snapshot2.png",""
"smart_car_14","","smart_car_14_snapshot3.png",""
"smart_car_14","","smart_car_14_snapshot4.png",""
"mgh_grmr_wndrlnd","","mgh_grmr_wndrlnd_el_snapshot1.png","https://vimeo.com/132143410"
"mgh_grmr_wndrlnd","","mgh_grmr_wndrlnd_el_snapshot2.png",""
"mgh_grmr_wndrlnd","","mgh_grmr_wndrlnd_el_snapshot3.jpg",""
"mgh_grmr_wndrlnd","","mgh_grmr_wndrlnd_el_snapshot4.jpg",""
"mgh_grmr_wndrlnd","","mgh_grmr_wndrlnd_pr_snapshot1.png",""
"mgh_grmr_wndrlnd","","mgh_grmr_wndrlnd_pr_snapshot2.png",""
"wooble_attack","","wooble_attack_snapshot1.png",""
"wooble_attack","","wooble_attack_snapshot2.png",""
"wooble_attack","","wooble_attack_snapshot3.png",""
"weatherwise","","weatherwise_snapshot1.jpg",""
"weatherwise","","weatherwise_snapshot2.jpg",""
"weatherwise","","weatherwise_snapshot3.jpg",""
"weatherwise","","weatherwise_snapshot4.jpg",""
"weatherwise","","weatherwise_snapshot5.jpg",""
"weatherwise","","weatherwise_snapshot6.jpg",""
"weatherwise","","weatherwise_snapshot7.jpg",""
"weatherwise","","weatherwise_snapshot8.jpg",""
"weatherwise","","weatherwise_snapshot9.jpg",""
"weatherwise","","weatherwise_snapshot10.jpg",""
"alphabet_attack","","alphabet_attack_snapshot1.jpg",""
"alphabet_attack","","alphabet_attack_snapshot2.jpg",""
"five_oclock","","five_oclock_snapshot1.jpg",""
"five_oclock","","five_oclock_snapshot2.jpg",""
"gooman","","gooman_snapshot1.png",""
"gooman","","gooman_snapshot2.png",""
"gooman","","gooman_snapshot3.png",""
"mb_timeline","","mb_timeline_snapshot1.png",""
"mb_timeline","","mb_timeline_snapshot2.png",""
"mb_timeline","","mb_timeline_snapshot3.png",""
"nyl_skillbuilder","","nyl_skillbuilder_snapshot1.png",""
"nyl_skillbuilder","","nyl_skillbuilder_snapshot2.png",""
"nyl_skillbuilder","","nyl_skillbuilder_snapshot3.png",""
"nyl_skillbuilder","","nyl_skillbuilder_snapshot4.png",""
"party_time","","party_time_snapshot1.jpg",""
"party_time","","party_time_snapshot2.png",""
"penguin_physics","","penguin_physics_snapshot1.jpg",""
"penguin_physics","","penguin_physics_snapshot2.jpg",""
"penguin_physics","","penguin_physics_snapshot4.jpg",""
"penguin_physics","","penguin_physics_snapshot5.jpg",""
"phobia","","phobia_snapshot1.png",""
"phobia","","phobia_snapshot2.png",""
"phobia","","phobia_snapshot3.png",""
"phobia","","phobia_snapshot4.png",""
"phobia","","phobia_snapshot5.png",""
"photmash","","photomash_snapshot1.jpg",""
"photmash","","photomash_snapshot2.jpg",""
"photmash","","photomash_snapshot3.jpg",""
"photmash","","photomash_snapshot4.jpg",""
"photmash","","photomash_snapshot5.jpg",""
"planeteers","","planeteers_snapshot1.jpg",""
"planeteers","","planeteers_snapshot2.jpg",""
"planeteers","","planeteers_snapshot3.jpg",""
"planeteers","","planeteers_snapshot4.jpg",""
"planeteers","","planeteers_snapshot5.jpg",""
"tcnj_tour","","tcnj_tour_snapshot1.jpg",""
"tcnj_tour","","tcnj_tour_snapshot2.jpg",""
"tcnj_tour","","tcnj_tour_snapshot3.jpg",""
"tcnj_tour","","tcnj_tour_snapshot4.jpg",""
"tcnj_tour","","tcnj_tour_snapshot5.jpg",""